season,date,home,away,model_name,model_version,home_win,draw,away_win,exp_home_goals,exp_away_goals,created_at
2026,2026-10-10,Arsenal,Leeds,poisson_xg,v2,0.6070202800673781,0.22868468685231028,0.16429503308031154,1.7803398250605895,0.7993931316203348,2026-10-10 00:23:13
2026,2026-10-10,Aston Villa,Brentford,poisson_xg,v2,0.3823962099580864,0.23718847342491906,0.3804153166169947,1.5675955084265427,1.5630047186706408,2026-10-10 00:23:13
2026,2026-10-10,Chelsea,Bournemouth,poisson_xg,v2,0.42989970490379115,0.2260618877366721,0.3440384073595365,1.7921428465912923,1.5858701761918794,2026-10-10 00:23:13
2026,2026-10-10,Ipswich,Fulham,poisson_xg,v2,0.32141258410728935,0.23905663538319247,0.4395307805095181,1.381965297970063,1.652671861963362,2026-10-10 00:23:13
2026,2026-10-10,Man United,Tottenham,poisson_xg,v2,0.6108074348422318,0.20610578915245814,0.1830867760053101,2.075851197679569,1.045456678824619,2026-10-10 00:23:13
2026,2026-10-10,Sunderland,Brighton,poisson_xg,v2,0.30861209620143587,0.24105594845969602,0.4503319553388682,1.3230524266132182,1.6450393547600624,2026-10-10 00:23:13
2026,2026-10-11,Crystal Palace,Nott'm Forest,poisson_xg,v2,0.3991584418388523,0.25317131187151876,0.3476702462896289,1.4487284919193315,1.3354292925533626,2026-10-10 00:23:13
2026,2026-10-11,Hull,Everton,poisson_xg,v2,0.41952003815029976,0.2969053290449789,0.2835746328047213,1.1771978072093212,0.9120301901780151,2026-10-10 00:23:13
2026,2026-10-11,Liverpool,Man City,poisson_xg,v2,0.34505596137014716,0.23347313764678979,0.42147090098306306,1.5084583621441627,1.687422674984499,2026-10-10 00:23:13
2026,2026-10-12,Coventry,Newcastle,poisson_xg,v2,0.24210268675585356,0.2501740641768755,0.5077232490672712,1.0200296177642991,1.5965369914673797,2026-10-10 00:23:13
