player_id,name,team,position,status,chance_this_round,chance_next_round,news,news_added,minutes,starts,expected_goals,expected_assists,price
10,Benjamin White,Arsenal,DEF,available,100.0,100.0,,2026-09-20T19:30:08.247780Z,315,4,0.18,0.29,5.5
11,Cristhian Mosquera,Arsenal,DEF,available,100.0,100.0,,2026-09-04T14:00:08.080310Z,168,2,0.00,0.01,5.3
31,Ezri Konsa Ngoyo,Arsenal,DEF,doubtful,,75.0,Unspecified injury - 75% chance of playing,2026-10-05T09:30:09.853316Z,281,3,0.23,0.02,4.6
4,Gabriel dos Santos Magalhães,Arsenal,DEF,available,,,,,450,5,0.51,0.20,8.0
5,Jurriën Timber,Arsenal,DEF,available,100.0,100.0,,2026-07-23T12:01:23.272929Z,104,1,0.00,0.03,6.5
9,Piero Hincapié,Arsenal,DEF,available,,,,,32,0,0.00,0.00,5.2
8,Riccardo Calafiori,Arsenal,DEF,available,,,,,416,5,0.67,0.62,5.9
6,William Saliba,Arsenal,DEF,injured,0.0,0.0,Back injury - Unknown return date,2026-07-23T12:01:23.289376Z,0,0,0.00,0.00,5.9
27,Gabriel Fernando de Jesus,Arsenal,FWD,unavailable,0.0,0.0,Has joined FC Barcelona permanently,2026-09-02T16:00:28.475184Z,0,0,0.00,0.00,5.9
26,Kai Havertz,Arsenal,FWD,doubtful,,75.0,Hamstring injury - 75% chance of playing,2026-09-24T22:00:09.120308Z,437,5,1.67,0.37,7.6
25,Viktor Gyökeres,Arsenal,FWD,available,,,,,29,0,0.00,0.23,7.1
1,David Raya Martín,Arsenal,GK,available,,,,,450,5,0.00,0.01,6.1
3,Illan Meslier,Arsenal,GK,available,,,,,0,0,0.00,0.00,4.9
2,Kepa Arrizabalaga Revuelta,Arsenal,GK,available,,,,,0,0,0.00,0.00,4.9
452,Bruno Guimarães Rodriguez Moura,Arsenal,MID,available,100.0,100.0,,2026-09-04T14:00:08.328779Z,123,1,0.09,0.16,6.7
12,Bukayo Saka,Arsenal,MID,available,,,,,416,5,3.22,0.98,9.6
557,Christos Tzolis,Arsenal,MID,injured,,0.0,Hamstring injury - Expected back 24 Oct,2026-10-02T15:00:11.091226Z,362,5,0.19,0.55,6.3
13,Declan Rice,Arsenal,MID,doubtful,,75.0,Unspecified injury - 75% chance of playing,2026-09-21T13:00:08.896379Z,411,5,0.12,0.69,7.4
14,Eberechi Eze,Arsenal,MID,available,,,,,85,0,0.04,0.09,6.2
22,Ethan Nwaneri,Arsenal,MID,unavailable,0.0,0.0,Has joined Borussia Dortmund on loan for the rest of the season,2026-09-02T16:01:07.058827Z,0,0,0.00,0.00,5.4
23,Fábio Ferreira Vieira,Arsenal,MID,unavailable,0.0,0.0,Has joined Hamburger SV permanently,2026-09-02T16:00:28.446370Z,0,0,0.00,0.00,5.5
18,Gabriel Martinelli Silva,Arsenal,MID,unavailable,0.0,0.0,Has joined Al Hilal permanently,2026-09-04T12:34:46.738449Z,0,0,0.00,0.00,6.3
15,Martin Ødegaard,Arsenal,MID,available,,,,,377,5,1.08,1.32,6.8
19,Martín Zubimendi Ibáñez,Arsenal,MID,available,,,,,89,0,0.21,0.04,5.3
20,Max Dowman,Arsenal,MID,available,,100.0,,2026-10-05T19:00:10.141532Z,9,0,0.00,0.08,5.3
17,Mikel Merino Zazón,Arsenal,MID,available,,,,,81,0,0.14,0.15,5.7
7,Myles Lewis-Skelly,Arsenal,MID,available,,,,,271,4,0.16,0.23,5.4
16,Noni Madueke,Arsenal,MID,available,,,,,23,0,0.00,0.05,6.2
24,Reiss Nelson,Arsenal,MID,unavailable,0.0,0.0,has departed the club as a free agent.,2026-08-29T00:33:08.556767Z,0,0,0.00,0.00,5.5
611,Aaron Wan-Bissaka,Aston Villa,DEF,available,,,,,152,2,0.00,0.07,4.5
38,Andrés García,Aston Villa,DEF,available,,,,,0,0,0.00,0.00,4.0
36,Ian Maatsen,Aston Villa,DEF,injured,0.0,0.0,Ankle injury - Unknown return date,2026-09-12T18:00:08.729468Z,335,4,0.28,0.45,4.4
39,Kosta Nedeljkovic,Aston Villa,DEF,unavailable,0.0,0.0,Has joined Rangers on loan for the rest of the season,2026-08-19T13:56:46.385411Z,0,0,0.00,0.00,4.0
30,Lucas Digne,Aston Villa,DEF,unavailable,0.0,0.0,Has joined Paris Saint-Germain permanently,2026-08-10T14:03:30.089007Z,0,0,0.00,0.00,4.5
596,Matteo Ruggeri,Aston Villa,DEF,available,,,,,113,1,0.03,0.02,4.5
32,Matty Cash,Aston Villa,DEF,available,100.0,100.0,,2026-09-09T14:30:08.192142Z,296,3,0.15,0.04,4.4
34,Pau Torres,Aston Villa,DEF,doubtful,0.0,75.0,Hamstring injury - 75% chance of playing,2026-09-12T18:00:08.712707Z,187,3,0.00,0.01,4.4
630,Taylor Harwood-Bellis,Aston Villa,DEF,available,,,,,0,0,0.00,0.00,4.5
606,Triston Rowe,Aston Villa,DEF,available,,,,,0,0,0.00,0.00,4.0
33,Tyrone Mings,Aston Villa,DEF,available,,,,,261,2,0.20,0.02,4.5
37,Victor Lindelöf,Aston Villa,DEF,available,,,,,450,5,0.44,0.17,4.5
582,Brian Madjo,Aston Villa,FWD,doubtful,0.0,75.0,Unspecified injury - 75% chance of playing,2026-08-15T16:00:07.974271Z,0,0,0.00,0.00,5.4
166,Nicolas Jackson,Aston Villa,FWD,available,,,,,286,4,0.68,0.60,6.5
55,Ollie Watkins,Aston Villa,FWD,unavailable,0.0,0.0,Has joined Al Hilal permanently,2026-09-01T13:15:16.698799Z,0,0,0.00,0.00,7.8
56,Tammy Abraham,Aston Villa,FWD,available,100.0,100.0,,2026-08-15T16:00:07.558543Z,71,0,0.00,0.00,5.5
667,James Wright,Aston Villa,GK,available,,,,,0,0,0.00,0.00,4.0
29,Marco Bizot,Aston Villa,GK,doubtful,0.0,75.0,Back injury - 75% chance of playing,2026-09-17T07:30:09.058151Z,90,1,0.00,0.00,4.5
597,Zion Suzuki,Aston Villa,GK,available,,,,,360,4,0.00,0.01,5.0
160,Alejandro Garnacho Ferreyra,Aston Villa,MID,available,,,,,31,0,0.00,0.00,5.8
52,Alysson Edward Franco da Rocha dos Santos,Aston Villa,MID,doubtful,,75.0,Unspecified injury - 75% chance of playing,2026-09-19T11:30:09.355376Z,87,0,0.06,0.00,5.0
48,Amadou Onana,Aston Villa,MID,injured,0.0,0.0,Knee injury - Unknown return date,2026-07-23T12:01:23.352497Z,0,0,0.00,0.00,4.9
47,Boubacar Kamara,Aston Villa,MID,available,100.0,100.0,,2026-07-23T12:01:23.337269Z,443,5,0.12,0.16,5.0
50,Bradley Burrowes,Aston Villa,MID,available,,,,,0,0,0.00,0.00,4.5
41,Emiliano Buendía Stati,Aston Villa,MID,available,,,,,401,5,0.92,0.24,5.9
51,George Hemmings,Aston Villa,MID,available,,,,,297,4,0.07,0.16,4.5
631,Ibrahim Mbaye,Aston Villa,MID,available,,,,,33,0,0.02,0.13,6.0
54,Joao Gomes,Aston Villa,MID,available,100.0,100.0,,2026-09-16T19:30:08.742410Z,129,2,0.00,0.03,5.5
53,Johan Manzambi,Aston Villa,MID,available,100.0,100.0,,2026-08-15T15:30:06.388335Z,98,1,0.44,0.24,5.9
45,John McGinn,Aston Villa,MID,available,,,,,434,5,0.77,0.24,5.4
35,Lamare Bogarde,Aston Villa,MID,available,,,,,16,0,0.00,0.00,4.9
44,Leon Bailey,Aston Villa,MID,unavailable,0.0,0.0,Has joined Olympiakos permanently,2026-09-04T12:35:14.472260Z,0,0,0.00,0.00,5.4
618,Leon Goretzka,Aston Villa,MID,injured,0.0,0.0,Knee injury - Expected back 17 Oct,2026-09-09T09:30:08.229436Z,0,0,0.00,0.00,5.9
607,Luka Lynch,Aston Villa,MID,unavailable,0.0,0.0,Has joined Oxford United on loan until January,2026-09-04T12:35:39.820426Z,0,0,0.00,0.00,4.5
46,Ross Barkley,Aston Villa,MID,available,,,,,308,4,0.38,0.14,5.0
49,Samuel Iling-Junior,Aston Villa,MID,unavailable,0.0,0.0,Has joined Bolton Wanderers on loan for the rest of the season,2026-08-17T13:52:28.532616Z,0,0,0.00,0.00,5.0
64,Adam Smith,Bournemouth,DEF,available,,,,,434,5,0.01,0.09,4.5
61,Adrien Truffert,Bournemouth,DEF,available,,,,,450,5,0.11,0.29,5.4
566,António João Pereira de Albuquerque Tavares da Silva,Bournemouth,DEF,available,,,,,450,5,0.85,0.29,5.0
62,Bafodé Diakité,Bournemouth,DEF,available,,,,,0,0,0.00,0.00,4.9
60,James Hill,Bournemouth,DEF,available,,,,,450,5,0.00,0.79,5.5
573,Juanlu Sánchez,Bournemouth,DEF,available,,,,,0,0,0.00,0.00,4.4
66,Julio Soler Barreto,Bournemouth,DEF,available,100.0,100.0,,2026-08-15T16:30:07.021055Z,0,0,0.00,0.00,4.0
65,Julián Araujo Zúñiga,Bournemouth,DEF,injured,0.0,0.0,Thigh injury - Unknown return date,2026-08-09T08:00:05.645826Z,0,0,0.00,0.00,4.4
63,Veljko Milosavljevic,Bournemouth,DEF,injured,0.0,0.0,Thigh injury - Unknown return date,2026-08-06T10:00:10.456051Z,0,0,0.00,0.00,4.9
608,Daniel Jebbison,Bournemouth,FWD,available,,,,,31,0,0.10,0.00,5.0
80,Enes Ünal,Bournemouth,FWD,unavailable,0.0,0.0,Has joined Getafe permanently,2026-08-14T14:14:21.881112Z,0,0,0.00,0.00,5.5
79,Francisco Evanilson de Lima Barbosa,Bournemouth,FWD,available,,,,,424,5,0.87,0.52,6.0
81,Álvaro Rodríguez,Bournemouth,FWD,available,100.0,100.0,,2026-08-15T16:30:07.054142Z,10,0,0.00,0.00,6.0
58,Fraser Forster,Bournemouth,GK,available,,,,,0,0,0.00,0.00,4.0
615,Michele Di Gregorio,Bournemouth,GK,available,,,,,0,0,0.00,0.00,4.5
59,Will Dennis,Bournemouth,GK,unavailable,0.0,0.0,Has joined MK Dons permanently,2026-08-27T14:53:48.692835Z,0,0,0.00,0.00,4.0
57,Đorđe Petrović,Bournemouth,GK,available,,,,,450,5,0.00,0.00,4.5
69,Alex Scott,Bournemouth,MID,injured,,0.0,Thigh injury - Unknown return date,2026-10-05T09:30:09.910752Z,446,5,0.64,0.42,6.1
76,Alex Tóth,Bournemouth,MID,available,,,,,17,0,0.00,0.00,4.9
77,Amine Adli,Bournemouth,MID,injured,0.0,0.0,Calf injury - Unknown return date,2026-08-15T16:00:07.590566Z,0,0,0.00,0.00,4.9
72,Ben Gannon-Doak,Bournemouth,MID,available,,,,,12,0,0.12,0.05,4.9
74,David Brooks,Bournemouth,MID,available,100.0,100.0,,2026-08-15T16:30:07.037929Z,45,0,0.00,0.07,5.0
78,Junior Kroupi,Bournemouth,MID,injured,0.0,0.0,Foot injury - Expected back 7 Nov,2026-07-29T17:30:09.796802Z,0,0,0.00,0.00,7.4
70,Justin Kluivert,Bournemouth,MID,injured,,0.0,Unspecified injury - Unknown return date,2026-09-20T15:30:09.074071Z,294,4,0.99,0.08,6.0
71,Lewis Cook,Bournemouth,MID,available,,,,,180,2,0.00,0.01,5.0
68,Marcus Tavernier,Bournemouth,MID,available,,,,,424,5,1.70,0.92,6.1
67,Rayan Vitor Simplício Rocha,Bournemouth,MID,available,,,,,434,5,0.87,0.43,6.3
75,Ryan Christie,Bournemouth,MID,available,100.0,100.0,,2026-07-24T17:30:10.035483Z,102,1,0.50,0.13,5.0
73,Tyler Adams,Bournemouth,MID,available,100.0,100.0,,2026-08-15T16:30:07.029928Z,279,3,0.03,0.07,5.0
90,Aaron Hickey,Brentford,DEF,available,,,,,152,1,0.03,0.06,4.5
660,Benjamin Fredrick,Brentford,DEF,available,,,,,0,0,0.00,0.00,4.0
620,El Hadji Malick Diouf,Brentford,DEF,available,,,,,39,0,0.00,0.01,4.5
93,Jannik Schuster,Brentford,DEF,available,,,,,253,2,0.10,0.54,4.5
92,Kim Ji-soo,Brentford,DEF,available,,,,,0,0,0.00,0.00,4.4
87,Kristoffer Ajer,Brentford,DEF,available,,,,,450,5,0.13,0.08,4.5
88,Michael Kayode,Brentford,DEF,available,,,,,294,4,0.55,0.43,4.6
84,Nathan Collins,Brentford,DEF,injured,0.0,0.0,Calf injury - Unknown return date,2026-09-05T18:00:06.182495Z,196,3,0.51,0.05,5.4
89,Rico Henry,Brentford,DEF,available,,,,,2,0,0.00,0.00,4.4
85,Sepp van den Berg,Brentford,DEF,injured,0.0,0.0,Groin injury - Unknown return date,2026-08-15T15:30:06.416627Z,0,0,0.00,0.00,4.9
108,Callum Wilson,Brentford,FWD,available,,,,,13,0,0.07,0.04,5.4
106,Igor Thiago Nascimento Rodrigues,Brentford,FWD,available,,,,,442,5,3.13,0.16,7.8
107,Kaye Furo,Brentford,FWD,injured,0.0,0.0,Unspecified injury - Unknown return date,2026-09-14T14:00:09.985723Z,0,0,0.00,0.00,4.5
82,Caoimhín Kelleher,Brentford,GK,available,,,,,450,5,0.00,0.01,5.0
661,Ellery Balcombe,Brentford,GK,available,,,,,0,0,0.00,0.00,4.0
83,Hákon Rafn Valdimarsson,Brentford,GK,available,,,,,0,0,0.00,0.00,4.5
99,Antoni Milambo,Brentford,MID,injured,0.0,0.0,Knee injury - Unknown return date,2026-07-23T12:01:23.384798Z,0,0,0.00,0.00,5.0
95,Dango Ouattara,Brentford,MID,available,,,,,179,2,0.09,0.39,6.3
100,Fábio Freitas Gouveia Carvalho,Brentford,MID,available,100.0,100.0,,2026-08-18T13:58:17.442072Z,3,0,0.43,0.00,5.0
657,Gustavo Nunes Fernandes Gomes,Brentford,MID,available,,,,,0,0,0.00,0.00,4.5
105,Jaidon Anthony,Brentford,MID,available,,,,,267,3,1.15,0.54,5.9
103,Josh Dasilva,Brentford,MID,injured,0.0,0.0,Hamstring injury - Expected back 10 Oct,2026-09-04T13:30:08.371955Z,0,0,0.00,0.00,4.9
86,Keane Lewis-Potter,Brentford,MID,available,,,,,406,5,1.21,0.79,5.5
94,Kevin Schade,Brentford,MID,available,,,,,447,5,1.52,0.32,6.2
565,Mamadou Sangaré,Brentford,MID,available,,,,,321,4,0.41,0.65,5.6
97,Mathias Jensen,Brentford,MID,injured,0.0,0.0,Unspecified injury - Expected back 10 Oct,2026-08-30T12:30:08.176795Z,66,1,0.08,0.34,5.4
96,Mikkel Damsgaard,Brentford,MID,doubtful,,75.0,Unspecified injury - 75% chance of playing,2026-10-03T19:30:08.141728Z,283,3,0.17,0.73,5.4
98,Vitaly Janelt,Brentford,MID,available,,,,,450,5,0.53,0.44,5.0
102,Yehor Yarmoliuk,Brentford,MID,available,,,,,216,2,0.10,0.30,4.8
117,Diego Coppola,Brighton,DEF,available,,,,,0,0,0.00,0.00,4.5
113,Ferdi Kadıoğlu,Brighton,DEF,available,100.0,100.0,,2026-08-23T13:00:07.595211Z,332,4,0.12,0.13,4.4
118,Igor Julio dos Santos de Paulo,Brighton,DEF,unavailable,0.0,0.0,Has joined Burnley permanently,2026-09-02T15:38:15.529699Z,0,0,0.00,0.00,4.5
614,Jaouen Hadjam,Brighton,DEF,available,,,,,0,0,0.00,0.00,4.5
119,João Pedro Loureiro da Costa,Brighton,DEF,available,,,,,68,0,0.12,0.30,4.5
116,Lewis Dunk,Brighton,DEF,available,,100.0,,2026-09-22T09:30:09.629652Z,360,4,0.03,0.09,4.5
504,Luka Vušković,Brighton,DEF,available,,,,,437,5,0.46,0.07,5.0
130,Mats Wieffer,Brighton,DEF,injured,0.0,0.0,Knee injury - Unknown return date,2026-09-04T09:30:08.612904Z,156,2,0.12,0.13,4.9
115,Maxim De Cuyper,Brighton,DEF,available,,,,,423,5,1.55,0.67,5.0
120,Michael Svoboda,Brighton,DEF,available,,,,,4,0,0.00,0.00,5.0
114,Olivier Boscagli,Brighton,DEF,available,,,,,437,5,0.07,0.53,4.5
328,Pascal Struijk,Brighton,DEF,doubtful,100.0,75.0,Hamstring injury - 75% chance of playing,2026-09-22T10:00:09.404233Z,98,1,0.16,0.01,4.9
138,Charalampos Kostoulas,Brighton,FWD,available,,,,,353,4,1.35,0.06,5.6
139,Evan Ferguson,Brighton,FWD,injured,0.0,0.0,Ankle injury - Expected back 10 Oct,2026-07-23T12:01:23.448357Z,0,0,0.00,0.00,5.0
125,Georginio Rutter,Brighton,FWD,available,100.0,100.0,,2026-08-26T16:00:07.608056Z,104,1,0.17,0.45,5.3
594,Promise David,Brighton,FWD,available,,,,,23,0,0.42,0.00,5.9
137,Stefanos Tzimas,Brighton,FWD,injured,0.0,0.0,Knee injury - Unknown return date,2026-07-23T12:01:23.432796Z,0,0,0.00,0.00,5.4
109,Bart Verbruggen,Brighton,GK,available,,,,,450,5,0.00,0.20,4.5
111,Jason Steele,Brighton,GK,available,,,,,0,0,0.00,0.00,4.0
624,Amario Cozier-Duberry,Brighton,MID,unavailable,0.0,0.0,Has joined Middlesbrough on loan for the rest of the season,2026-09-02T15:38:15.552951Z,0,0,0.00,0.00,5.0
127,Diego Gómez Amarilla,Brighton,MID,available,,,,,433,5,0.79,0.78,5.0
128,Facundo Buonanotte,Brighton,MID,unavailable,0.0,0.0,Has joined Elche on loan for the rest of the season,2026-08-10T14:03:07.561436Z,0,0,0.00,0.00,5.0
652,Femi Azeez,Brighton,MID,injured,0.0,0.0,Hamstring injury - Expected back 10 Oct,2026-09-04T11:30:08.661589Z,0,0,0.00,0.00,5.5
132,Harry Howell,Brighton,MID,unavailable,0.0,0.0,Has joined Leicester City on loan for the rest of the season,2026-08-17T13:53:19.019938Z,0,0,0.00,0.00,4.5
600,Ibrahim Osman,Brighton,MID,available,,,,,40,0,0.05,0.07,5.0
123,Jack Hinshelwood,Brighton,MID,doubtful,0.0,50.0,Ankle injury - 50% chance of playing,2026-08-27T19:30:07.780933Z,63,1,1.41,0.02,5.9
639,José María Andrés Baixauli,Brighton,MID,available,,,,,109,1,0.52,0.12,5.5
605,Malick Yalcouyé,Brighton,MID,available,,,,,236,3,1.46,0.45,4.5
126,Matt O'Riley,Brighton,MID,available,,,,,10,0,0.28,0.01,5.4
121,Mitoma Kaoru,Brighton,MID,injured,0.0,0.0,Hamstring injury - Expected back 10 Oct,2026-07-24T18:30:10.661894Z,0,0,0.00,0.00,5.9
134,Nehemiah Oriola,Brighton,MID,available,,,,,0,0,0.00,0.00,4.5
124,Pascal Groß,Brighton,MID,available,,,,,450,5,1.77,0.86,5.9
133,Tom Watson,Brighton,MID,unavailable,0.0,0.0,Has joined Leicester City on loan for the rest of the season,2026-08-03T14:05:44.459483Z,0,0,0.00,0.00,5.0
122,Yankuba Minteh,Brighton,MID,injured,0.0,0.0,Leg injury - Expected back 28 Nov,2026-08-14T18:00:06.418033Z,0,0,0.00,0.00,5.8
129,Yasin Ayari,Brighton,MID,available,100.0,100.0,,2026-08-30T18:00:07.935334Z,333,4,0.70,0.18,5.4
658,Younes Ibrahim,Brighton,MID,available,,,,,0,0,0.00,0.00,4.5
135,Zadok Yohanna,Brighton,MID,injured,0.0,0.0,Unspecified injury - Expected back 10 Oct,2026-09-10T13:00:08.617941Z,12,0,0.00,0.03,4.8
561,Aaron Anselmino,Chelsea,DEF,available,100.0,100.0,,2026-08-23T19:00:08.536705Z,0,0,0.00,0.00,4.5
146,Benoît Badiashile Mukinayi,Chelsea,DEF,unavailable,0.0,0.0,Has joined Napoli on loan for the rest of the season,2026-08-25T14:03:47.079414Z,0,0,0.00,0.00,4.5
148,Jorrel Hato,Chelsea,DEF,available,,,,,258,4,0.01,0.21,4.5
151,Josh Acheampong,Chelsea,DEF,available,,,,,221,2,0.00,0.03,4.5
149,Levi Samuels Colwill,Chelsea,DEF,available,,,,,341,4,0.01,0.05,4.8
144,Malo Gusto,Chelsea,DEF,available,,,,,272,3,0.08,0.12,4.9
150,Mamadou Sarr,Chelsea,DEF,unavailable,0.0,0.0,Has joined Real Sociedad on loan for the rest of the season,2026-08-29T00:34:23.077418Z,0,0,0.00,0.00,4.5
152,Marco Palestra,Chelsea,DEF,available,50.0,100.0,,2026-08-24T18:30:07.421239Z,0,0,0.00,0.00,5.3
200,Maxence Lacroix,Chelsea,DEF,available,,,,,364,4,0.15,0.22,5.9
583,Pep Chavarría,Chelsea,DEF,available,,,,,208,1,0.04,0.07,4.9
142,Reece James,Chelsea,DEF,available,75.0,100.0,,2026-09-18T10:30:09.719371Z,292,3,0.33,0.26,5.3
143,Trevoh Chalobah,Chelsea,DEF,unavailable,0.0,0.0,Has joined Como permanently,2026-08-10T14:03:50.769483Z,0,0,0.00,0.00,5.5
145,Wesley Fofana,Chelsea,DEF,available,100.0,100.0,,2026-07-23T12:01:23.464591Z,312,4,0.00,0.08,5.0
136,Danny Welbeck,Chelsea,FWD,available,100.0,100.0,,2026-08-20T14:00:07.949090Z,85,1,0.00,0.14,5.9
170,Emmanuel Emegha,Chelsea,FWD,injured,0.0,0.0,Hamstring injury - Expected back 10 Oct,2026-09-09T15:00:09.063849Z,0,0,0.00,0.00,4.9
165,João Pedro Junqueira de Jesus,Chelsea,FWD,available,75.0,100.0,,2026-09-16T19:00:09.919929Z,360,4,2.17,0.19,7.7
168,Marc Guiu Paz,Chelsea,FWD,unavailable,0.0,0.0,Has joined RB Leipzig permanently,2026-09-01T13:24:48.857362Z,0,0,0.00,0.00,5.0
169,Shumaira Mheuka,Chelsea,FWD,available,,,,,0,0,0.00,0.00,4.5
28,Emiliano Martínez Romero,Chelsea,GK,available,,,,,360,4,0.00,0.01,5.0
141,Filip Jörgensen,Chelsea,GK,unavailable,0.0,0.0,Has joined RC Strasbourg on loan for the rest of the season,2026-08-12T14:07:02.607115Z,0,0,0.00,0.00,5.0
560,Mike Penders,Chelsea,GK,available,,,,,0,0,0.00,0.00,4.4
140,Robert Lynch Sánchez,Chelsea,GK,unavailable,0.0,0.0,Has joined Como on loan for the rest of the season,2026-09-02T16:20:41.841936Z,90,1,0.00,0.01,4.9
154,Cole Palmer,Chelsea,MID,available,100.0,100.0,,2026-09-21T13:00:09.022726Z,442,5,1.31,0.79,9.7
163,Dário Luís Essugo,Chelsea,MID,unavailable,0.0,0.0,Has joined RC Strasbourg on loan for the rest of the season,2026-09-02T16:20:41.865225Z,0,0,0.00,0.00,4.5
157,Estêvão Almeida de Oliveira Gonçalves,Chelsea,MID,available,,,,,23,0,0.07,0.07,6.3
164,Geovany Quenda,Chelsea,MID,available,100.0,100.0,,2026-07-24T20:30:10.609931Z,27,0,0.03,0.01,5.3
158,Jamie Bynoe-Gittens,Chelsea,MID,injured,,0.0,Ankle injury - Unknown return date,2026-09-26T05:30:09.245832Z,0,0,0.00,0.00,5.8
101,Jordan Henderson,Chelsea,MID,available,50.0,100.0,,2026-08-09T09:30:07.136250Z,90,1,0.00,0.08,4.9
662,Mahdi Nicoll-Jazuli,Chelsea,MID,available,,,,,3,0,0.00,0.00,4.5
159,Moisés Caicedo Corozo,Chelsea,MID,available,50.0,100.0,,2026-08-30T16:00:08.393562Z,13,0,0.00,0.00,5.3
40,Morgan Rogers,Chelsea,MID,available,,,,,437,5,1.72,1.23,7.8
156,Pedro Lomba Neto,Chelsea,MID,available,,,,,332,4,0.68,0.58,6.5
161,Roméo Lavia,Chelsea,MID,available,,,,,258,4,0.75,0.11,5.0
568,Valentín Barco,Chelsea,MID,available,,,,,115,1,0.07,0.11,5.4
182,Aurèle Amenda,Coventry City,DEF,injured,25.0,0.0,Calf injury - Unknown return date,2026-09-17T07:30:09.329041Z,360,4,0.02,0.39,4.0
173,Bobby Thomas,Coventry City,DEF,available,,,,,437,5,0.49,0.30,4.0
91,Ethan Pinnock,Coventry City,DEF,available,,,,,282,3,0.12,0.00,4.5
178,Jake Bidwell,Coventry City,DEF,available,,,,,0,0,0.00,0.00,4.0
176,Jay Dasilva,Coventry City,DEF,available,,,,,444,5,0.50,0.52,4.0
179,Joel Latibeaudiere,Coventry City,DEF,available,,,,,1,0,0.00,0.00,4.0
177,Kaine Kesler-Hayden,Coventry City,DEF,doubtful,0.0,50.0,Hamstring injury - 50% chance of playing,2026-08-27T14:56:28.704361Z,0,0,0.00,0.00,3.9
174,Liam Kitching,Coventry City,DEF,unavailable,0.0,0.0,Has joined Sheffield United on loan for the rest of the season,2026-09-02T16:21:03.612394Z,0,0,0.00,0.00,4.0
180,Luke Woolfenden,Coventry City,DEF,injured,0.0,0.0,Knee injury - Unknown return date,2026-08-27T14:56:28.718566Z,0,0,0.00,0.00,3.9
181,Miguel Brau,Coventry City,DEF,unavailable,0.0,0.0,Has joined Academico de Viseu on loan for the rest of the season,2026-08-29T00:35:59.980316Z,0,0,0.00,0.00,4.0
175,Milan van Ewijk,Coventry City,DEF,doubtful,,75.0,Hamstring injury - 75% chance of playing,2026-09-19T16:00:09.486751Z,360,4,0.00,0.30,4.0
656,Stephen Mfuni,Coventry City,DEF,available,,,,,90,1,0.00,0.01,4.0
194,Brandon Thomas-Asante,Coventry City,FWD,available,,,,,227,2,0.34,0.06,5.0
195,Ellis Simms,Coventry City,FWD,available,,,,,104,1,0.30,0.01,4.9
193,Haji Wright,Coventry City,FWD,injured,0.0,0.0,Thigh injury - Unknown return date,2026-08-14T22:00:07.214508Z,0,0,0.00,0.00,5.3
196,Jahnoah Markelo,Coventry City,FWD,unavailable,0.0,0.0,Has joined Shabab Al-Ahli Dubai permanently,2026-08-17T13:53:55.791223Z,0,0,0.00,0.00,5.0
197,Norman Bassette,Coventry City,FWD,unavailable,0.0,0.0,Has joined KVC Westerlo on loan for the rest of the season,2026-07-28T12:58:50.001768Z,0,0,0.00,0.00,4.5
599,Sidiki Cherif,Coventry City,FWD,available,,,,,30,0,0.00,0.00,5.0
492,Taiwo Awoniyi,Coventry City,FWD,suspended,0.0,0.0,Suspended until 19 Oct,2026-09-13T15:00:09.305127Z,232,3,1.30,0.04,5.4
172,Ben Wilson,Coventry City,GK,available,,,,,0,0,0.00,0.00,4.4
110,Carl Rushworth,Coventry City,GK,available,,,,,450,5,0.00,0.02,4.5
623,Dan Bentley,Coventry City,GK,available,,,,,0,0,0.00,0.00,4.0
171,Oliver Dovin,Coventry City,GK,unavailable,0.0,0.0,Has joined Leyton Orient on loan for the rest of the season,2026-09-02T15:44:14.839336Z,0,0,0.00,0.00,4.0
575,Caleb Yirenkyi,Coventry City,MID,available,,,,,265,3,0.03,0.15,4.8
186,Ephron Mason-Clark,Coventry City,MID,available,100.0,100.0,,2026-08-19T18:00:08.310507Z,231,4,0.51,0.12,5.3
104,Frank Onyeka,Coventry City,MID,available,100.0,100.0,,2026-09-15T09:00:07.851220Z,314,4,0.03,0.02,4.9
189,George Shepherd,Coventry City,MID,available,,,,,0,0,0.00,0.00,4.4
584,Gustavo Hamer,Coventry City,MID,available,,,,,32,0,0.00,0.02,5.4
183,Jack Rudoni,Coventry City,MID,available,100.0,100.0,,2026-07-23T12:01:23.481435Z,297,4,0.92,1.11,4.9
187,Josh Eccles,Coventry City,MID,injured,0.0,0.0,Unspecified injury - Expected back 12 Oct,2026-09-10T18:30:08.877110Z,0,0,0.00,0.00,4.8
192,Kai Andrews,Coventry City,MID,unavailable,0.0,0.0,Has joined Oxford United on loan for the rest of the season,2026-08-29T00:35:59.998520Z,0,0,0.00,0.00,4.5
190,Loum Tchaouna,Coventry City,MID,available,,,,,211,2,0.23,0.18,5.4
184,Matt Grimes,Coventry City,MID,available,,,,,443,5,0.12,0.13,4.9
191,Raphael Borges Rodrigues,Coventry City,MID,unavailable,0.0,0.0,Has joined Burton Albion on loan for the rest of the season,2026-09-02T15:44:14.868001Z,0,0,0.00,0.00,4.5
185,Tatsuhiro Sakamoto,Coventry City,MID,available,,,,,31,0,0.02,0.02,4.8
188,Victor Torp,Coventry City,MID,available,,,,,53,0,0.00,0.12,5.3
655,Yann Gboho,Coventry City,MID,available,,,,,0,0,0.00,0.00,5.5
588,Anan Khalaili,Crystal Palace,DEF,available,,100.0,,2026-10-04T22:00:08.963040Z,379,4,0.96,0.33,5.0
153,Axel Disasi,Crystal Palace,DEF,suspended,0.0,0.0,Suspended until 25 Oct,2026-09-12T15:30:09.445078Z,139,2,0.00,0.04,4.5
643,Ben Chilwell,Crystal Palace,DEF,available,,,,,29,0,0.27,0.01,4.5
205,Borna Sosa,Crystal Palace,DEF,unavailable,0.0,0.0,Has joined FC Cologne on loan for the rest of the season,2026-09-02T16:03:25.710518Z,0,0,0.00,0.00,4.5
206,Chadi Riad Dnanou,Crystal Palace,DEF,injured,0.0,0.0,Knee injury - Unknown return date,2026-08-22T18:00:07.352049Z,72,1,0.00,0.01,4.3
202,Chris Richards,Crystal Palace,DEF,available,,,,,450,5,0.08,0.07,4.9
633,Honest Ahanor,Crystal Palace,DEF,available,,,,,90,1,0.00,0.01,4.5
203,Jaydee Canvot,Crystal Palace,DEF,available,,,,,360,4,0.05,0.13,4.8
207,Oscar Mingueza,Crystal Palace,DEF,available,,,,,16,0,0.00,0.00,4.3
220,Rio Cardines,Crystal Palace,DEF,unavailable,0.0,0.0,Has joined Bristol City on loan for the rest of the season,2026-08-12T14:08:46.501813Z,0,0,0.00,0.00,4.5
577,Takehiro Tomiyasu,Crystal Palace,DEF,injured,,0.0,Calf injury - Expected back 18 Oct,2026-09-21T13:30:09.030724Z,189,2,0.00,0.03,4.4
204,Tyrick Mitchell,Crystal Palace,DEF,available,,,,,419,5,0.77,0.26,4.5
225,Christantus Uche,Crystal Palace,FWD,unavailable,0.0,0.0,has returned to Getafe CF,2026-07-23T12:18:56.275922Z,0,0,0.00,0.00,5.0
224,Eddie Nketiah,Crystal Palace,FWD,available,100.0,100.0,,2026-09-12T14:00:09.427136Z,175,3,1.10,0.60,5.5
223,Jean-Philippe Mateta,Crystal Palace,FWD,injured,0.0,0.0,Hamstring injury - Expected back 18 Oct,2026-08-28T21:00:08.020382Z,62,1,0.70,0.02,6.3
222,Jørgen Strand Larsen,Crystal Palace,FWD,available,,,,,298,3,0.43,0.20,6.0
198,Dean Henderson,Crystal Palace,GK,injured,0.0,0.0,Foot injury - Expected back 18 Oct,2026-09-12T14:00:09.378740Z,270,3,0.00,0.00,4.9
555,Remi Matthews,Crystal Palace,GK,available,,,,,0,0,0.00,0.00,4.0
199,Walter Benítez,Crystal Palace,GK,available,,,,,180,2,0.00,0.00,4.5
210,Adam Wharton,Crystal Palace,MID,available,100.0,100.0,,2026-07-23T12:01:23.498963Z,436,5,0.15,0.58,5.4
218,Cheick Doucouré,Crystal Palace,MID,available,,,,,0,0,0.00,0.00,4.8
214,Daichi Kamada,Crystal Palace,MID,available,,,,,441,5,0.47,0.38,5.0
647,Darío Osorio,Crystal Palace,MID,available,,,,,1,0,0.00,0.00,5.5
241,Dwight McNeil,Crystal Palace,MID,available,,,,,84,1,0.05,0.02,5.3
42,Evann Guessand,Crystal Palace,MID,available,,,,,54,0,0.03,0.03,5.4
208,Ismaïla Sarr,Crystal Palace,MID,available,100.0,100.0,,2026-08-22T18:00:07.363165Z,8,0,0.00,0.01,6.2
213,Jefferson Lerma Solís,Crystal Palace,MID,available,,,,,51,0,0.26,0.00,4.8
219,Jesurun Rak-Sakyi,Crystal Palace,MID,unavailable,0.0,0.0,has joined  Kasimpasa on loan for the rest of the seaon.,2026-09-10T09:12:47.224598Z,0,0,0.00,0.00,4.9
221,Joél Drakes-Thomas,Crystal Palace,MID,available,,,,,0,0,0.00,0.00,4.4
215,Justin Devenny,Crystal Palace,MID,unavailable,0.0,0.0,Has joined Stoke City permanently,2026-09-02T15:41:07.346849Z,0,0,0.00,0.00,5.0
217,Matheus França de Oliveira,Crystal Palace,MID,unavailable,0.0,0.0,Has joined Alverca on loan for the rest of the season,2026-09-11T14:42:19.322912Z,0,0,0.00,0.00,4.9
644,Quinten Timber,Crystal Palace,MID,available,,,,,253,3,0.24,0.06,5.0
216,Romain Esse,Crystal Palace,MID,unavailable,0.0,0.0,Has joined Millwall on loan for the rest of the season,2026-09-02T15:41:07.376544Z,0,0,0.00,0.00,5.0
212,Will Hughes,Crystal Palace,MID,available,,,,,29,0,0.00,0.04,4.4
211,Yéremy Pino Santos,Crystal Palace,MID,available,,,,,307,4,0.52,0.55,5.5
595,Zavier Gozo,Crystal Palace,MID,available,,,,,28,0,0.00,0.00,4.9
235,Adam Aznou,Everton,DEF,unavailable,0.0,0.0,Has joined Malaga on loan for the rest of the season,2026-09-01T13:23:16.934847Z,0,0,0.00,0.00,4.0
649,Ainsley Maitland-Niles,Everton,DEF,available,,,,,177,2,0.06,0.25,4.5
232,Jake O'Brien,Everton,DEF,available,,,,,16,0,0.00,0.00,4.8
229,James Tarkowski,Everton,DEF,available,,,,,450,5,0.18,0.04,6.2
230,Jarrad Branthwaite,Everton,DEF,available,,,,,450,5,0.17,0.02,5.5
231,Michael Keane,Everton,DEF,available,,,,,0,0,0.00,0.00,4.8
234,Nathan Patterson,Everton,DEF,unavailable,0.0,0.0,Has joined Torino permanently,2026-09-02T16:05:23.326971Z,0,0,0.00,0.00,4.5
233,Vitalii Mykolenko,Everton,DEF,doubtful,,75.0,Leg injury - 75% chance of playing,2026-10-01T19:30:09.402881Z,450,5,0.04,0.16,4.6
248,Norberto Bercique Gomes Betuncal,Everton,FWD,unavailable,0.0,0.0,Has joined Fiorentina permanently,2026-09-02T16:05:23.357221Z,31,0,0.09,0.00,5.4
249,Thierno Barry,Everton,FWD,available,,,,,417,5,3.50,0.15,5.7
226,Jordan Pickford,Everton,GK,available,,,,,450,5,0.00,0.02,5.5
227,Mark Travers,Everton,GK,available,,,,,0,0,0.00,0.00,5.0
228,Tom King,Everton,GK,available,,,,,0,0,0.00,0.00,4.5
654,Braiden Graham,Everton,MID,available,,,,,0,0,0.00,0.00,4.5
209,Brennan Johnson,Everton,MID,available,,,,,238,3,1.03,0.22,5.9
243,Carlos Alcaraz Durán,Everton,MID,available,,,,,5,0,0.05,0.02,4.9
21,Christian Nørgaard,Everton,MID,doubtful,0.0,50.0,Groin injury - 50% chance of playing,2026-08-15T20:00:06.779594Z,0,0,0.00,0.00,4.8
244,Harrison Armstrong,Everton,MID,available,75.0,100.0,,2026-09-17T08:30:08.942299Z,446,5,0.21,0.49,5.0
247,Hayden Hackney,Everton,MID,available,100.0,100.0,,2026-08-26T22:00:07.797766Z,137,1,0.05,0.13,5.4
238,Jack Grealish,Everton,MID,available,100.0,100.0,,2026-07-29T10:00:10.492904Z,135,1,0.02,0.44,6.5
239,James Garner,Everton,MID,available,100.0,100.0,,2026-09-06T18:00:08.301702Z,328,4,0.20,0.17,6.0
236,Kiernan Dewsbury-Hall,Everton,MID,available,,,,,450,5,0.99,0.83,6.6
246,Merlin Röhl,Everton,MID,doubtful,0.0,50.0,Unspecified injury - 50% chance of playing,2026-09-16T18:00:09.541933Z,249,3,0.00,0.20,4.9
245,Tyler Dibling,Everton,MID,available,,,,,24,0,0.17,0.16,5.3
242,Tyrique George,Everton,MID,available,,,,,309,4,0.35,0.32,5.5
254,Antonee Robinson,Fulham,DEF,doubtful,,75.0,Ankle injury - 75% chance of playing,2026-10-09T11:30:11.109085Z,429,5,0.26,0.30,4.5
257,Calvin Bassey,Fulham,DEF,available,,,,,450,5,0.13,0.08,4.5
650,David Affengruber,Fulham,DEF,available,,,,,180,2,0.00,0.02,4.5
253,Joachim Andersen,Fulham,DEF,available,100.0,100.0,,2026-07-23T12:01:23.516350Z,190,2,0.00,0.10,5.0
255,Jorge Cuenca Barreno,Fulham,DEF,available,,,,,90,1,0.00,0.03,4.5
256,Kenny Tete,Fulham,DEF,available,0.0,100.0,,2026-09-18T12:30:09.546158Z,27,0,0.00,0.00,4.4
610,Luc De Fougerolles,Fulham,DEF,unavailable,0.0,0.0,has joined  Real Salt Lake on loan for the rest of the seaon.,2026-08-28T11:30:08.336405Z,0,0,0.00,0.00,4.0
269,Ryan Sessegnon,Fulham,DEF,available,75.0,100.0,,2026-09-14T11:30:07.403957Z,50,0,0.13,0.44,4.3
258,Timothy Castagne,Fulham,DEF,available,,,,,408,5,0.67,0.39,4.5
569,Gonzalo García,Fulham,FWD,available,,,,,425,5,2.33,0.58,6.0
272,Jonah Kusi-Asare,Fulham,FWD,available,,,,,0,0,0.00,0.00,4.5
271,Rodrigo Muniz Carvalho,Fulham,FWD,available,,,,,38,0,0.40,0.00,5.4
252,Alfie McNally,Fulham,GK,unavailable,0.0,0.0,Has joined York City on loan for the rest of the season,2026-09-01T13:25:11.231240Z,0,0,0.00,0.00,4.0
251,Benjamin Lecomte,Fulham,GK,available,,,,,0,0,0.00,0.00,4.0
250,Bernd Leno,Fulham,GK,available,,,,,450,5,0.00,0.00,4.5
261,Alex Iwobi,Fulham,MID,available,,,,,408,5,0.39,1.22,5.4
570,César Palacios,Fulham,MID,available,,,,,226,3,0.98,0.03,5.4
262,Emile Smith Rowe,Fulham,MID,available,,,,,38,0,0.06,0.02,5.3
270,Harrison Reed,Fulham,MID,available,,,,,0,0,0.00,0.00,4.4
635,Hugo Larsson,Fulham,MID,available,,,,,37,0,0.13,0.23,5.0
268,Josh King,Fulham,MID,available,,,,,425,5,1.54,0.46,5.6
263,Kevin Santos Lopes de Macedo,Fulham,MID,available,,,,,61,0,0.07,0.12,5.3
626,Macaulay Zepa,Fulham,MID,available,,,,,0,0,0.00,0.00,4.4
636,Manuel Ángel Morán Ibáñez,Fulham,MID,available,,,,,0,0,0.00,0.00,5.0
264,Oscar Bobb,Fulham,MID,available,,,,,343,5,0.54,1.14,5.5
265,Sander Berge,Fulham,MID,available,,,,,349,4,0.08,0.36,4.9
580,Shea Charles,Fulham,MID,available,,,,,303,3,0.09,0.16,5.0
266,Tom Cairney,Fulham,MID,injured,0.0,0.0,Knee injury - Expected back 17 Oct,2026-08-14T18:00:06.460944Z,0,0,0.00,0.00,4.9
638,Brooke Norton-Cuffy,Hull City,DEF,available,,100.0,,2026-09-21T08:30:09.561308Z,34,0,0.05,0.00,4.0
284,Cathal McCarthy,Hull City,DEF,available,,,,,0,0,0.00,0.00,4.0
278,Charlie Hughes,Hull City,DEF,injured,0.0,0.0,Groin injury - Unknown return date,2026-08-02T09:00:11.030017Z,0,0,0.00,0.00,3.9
281,Cody Drameh,Hull City,DEF,unavailable,0.0,0.0,Has joined Genoa permanently,2026-09-02T16:09:06.479140Z,65,0,0.05,0.00,4.0
277,John Egan,Hull City,DEF,available,,,,,437,5,0.05,0.00,4.1
280,Lewie Coyle,Hull City,DEF,available,100.0,100.0,,2026-08-29T16:30:08.151841Z,348,5,0.13,0.07,4.0
585,Lucas Herrington,Hull City,DEF,available,,,,,197,1,0.02,0.04,4.0
556,Matt Targett,Hull City,DEF,injured,75.0,0.0,Ankle injury - Unknown return date,2026-09-17T14:00:26.419938Z,5,0,0.00,0.00,4.0
283,Matty Jacob,Hull City,DEF,unavailable,0.0,0.0,Has joined Newport County on loan until January,2026-08-02T09:00:11.038361Z,0,0,0.00,0.00,4.0
586,Nobel Mendy,Hull City,DEF,available,0.0,100.0,,2026-09-12T18:00:09.334142Z,249,4,0.32,0.00,4.1
285,Paddy McNair,Hull City,DEF,available,100.0,100.0,,2026-09-09T13:30:08.327907Z,26,0,0.00,0.00,4.0
282,Ryan Giles,Hull City,DEF,available,,,,,444,5,0.02,0.43,4.0
279,Semi Ajayi,Hull City,DEF,available,100.0,100.0,,2026-08-22T17:30:07.668197Z,423,5,0.66,0.01,4.2
298,Enis Destan,Hull City,FWD,unavailable,0.0,0.0,Has joined Konyaspor permanently,2026-08-17T13:50:27.145733Z,0,0,0.00,0.00,4.5
632,Ilyas Ansah,Hull City,FWD,injured,0.0,0.0,Back injury - Unknown return date,2026-09-09T10:00:08.919489Z,0,0,0.00,0.00,5.0
299,Mason Burstow,Hull City,FWD,unavailable,0.0,0.0,Has joined Sheffield Wednesday on loan for the rest of the season,2026-08-03T14:05:20.234842Z,0,0,0.00,0.00,4.5
295,Oli McBurnie,Hull City,FWD,available,,,,,441,5,1.23,0.13,5.5
637,Robinio Vaz,Hull City,FWD,available,,,,,20,0,0.00,0.01,5.0
273,Dillon Phillips,Hull City,GK,available,,,,,0,0,0.00,0.00,4.0
275,Harvey Cartwright,Hull City,GK,unavailable,0.0,0.0,Has joined Grimsby Town on loan for the rest of the season,2026-07-29T13:00:27.959925Z,0,0,0.00,0.00,4.0
274,Jack Butland,Hull City,GK,injured,0.0,0.0,Arm injury - Unknown return date,2026-08-08T19:00:05.601633Z,0,0,0.00,0.00,4.4
572,Konstantinos Tzolakis,Hull City,GK,available,,,,,450,5,0.00,0.00,4.7
276,Thimothée Lo-Tutala,Hull City,GK,unavailable,0.0,0.0,Has joined Colchester United on loan for the rest of the season,2026-08-17T13:50:27.125537Z,0,0,0.00,0.00,4.0
292,Abdülkadir Ömür,Hull City,MID,available,,,,,0,0,0.00,0.00,4.9
293,Abu Kamara,Hull City,MID,unavailable,0.0,0.0,Has joined Portsmouth permanently,2026-08-12T14:08:23.542043Z,0,0,0.00,0.00,5.0
645,Christos Mouzakitis,Hull City,MID,available,,,,,0,0,0.00,0.00,5.0
297,Darko Gyabi,Hull City,MID,injured,0.0,0.0,Thigh injury - Unknown return date,2026-08-04T18:30:11.027155Z,0,0,0.00,0.00,4.4
296,David Akintola,Hull City,MID,unavailable,0.0,0.0,Has joined Omonoia FC permanently,2026-09-11T14:42:38.120231Z,0,0,0.00,0.00,5.0
291,Eliot Matazo,Hull City,MID,injured,0.0,0.0,Knee injury - Unknown return date,2026-07-23T12:01:23.532635Z,0,0,0.00,0.00,4.5
576,Elliot Stroud,Hull City,MID,available,,,,,249,4,0.06,0.05,5.0
563,Hidemasa Morita,Hull City,MID,available,0.0,100.0,,2026-09-09T14:00:08.474217Z,45,1,0.00,0.00,4.9
574,Jens Hjertø-Dahl,Hull City,MID,available,,,,,8,0,0.00,0.00,4.9
340,Joe Gelhardt,Hull City,MID,available,100.0,100.0,,2026-08-17T21:30:07.799839Z,7,0,0.10,0.02,5.0
288,Kieran Dowell,Hull City,MID,available,,,,,0,0,0.00,0.00,4.4
287,Liam Millar,Hull City,MID,unavailable,0.0,0.0,Has joined Birmingham on loan for the rest of the season,2026-09-02T15:36:41.038103Z,50,0,0.58,0.00,5.0
589,Lucas Gourna-Douath,Hull City,MID,available,,,,,138,1,0.03,0.03,5.0
289,Matt Crooks,Hull City,MID,available,100.0,100.0,,2026-08-29T15:00:08.569326Z,203,3,0.00,0.12,4.4
286,Mohamed Belloumi,Hull City,MID,available,,,,,394,5,0.72,0.43,5.1
617,Mohamed-Ali Cho,Hull City,MID,available,,,,,72,0,0.79,0.36,5.0
290,Regan Slater,Hull City,MID,available,,,,,437,5,0.21,0.59,4.5
642,Sorba Thomas,Hull City,MID,available,,,,,119,1,0.21,0.11,5.5
240,Tim Iroegbunam,Hull City,MID,available,100.0,100.0,,2026-08-15T20:00:06.878792Z,70,0,0.12,0.01,5.0
294,Óscar Zambrano,Hull City,MID,available,100.0,100.0,,2026-08-04T18:30:11.016909Z,0,0,0.00,0.00,4.5
592,Abdoul Ouattara,Ipswich Town,DEF,available,,,,,131,1,0.02,0.03,4.0
307,Ben Johnson,Ipswich Town,DEF,unavailable,0.0,0.0,Has joined Stoke City on loan for the rest of the season,2026-09-04T12:36:56.236331Z,0,0,0.00,0.00,4.0
303,Cédric Kipré,Ipswich Town,DEF,available,,,,,0,0,0.00,0.00,3.9
304,Dara O'Shea,Ipswich Town,DEF,available,,,,,450,5,0.07,0.26,4.0
308,Darnell Furlong,Ipswich Town,DEF,available,,,,,17,0,0.00,0.00,3.9
259,Issa Diop,Ipswich Town,DEF,available,,,,,450,5,0.06,0.16,4.0
306,Jacob Greaves,Ipswich Town,DEF,available,,,,,357,4,0.00,0.06,3.9
305,Leif Davis,Ipswich Town,DEF,available,,,,,450,5,1.59,0.46,4.0
322,Ali Al-Hamadi,Ipswich Town,FWD,unavailable,0.0,0.0,Has joined Sheffield Wednesday on loan for the rest of the season,2026-08-27T14:54:10.215357Z,0,0,0.00,0.00,5.0
320,Chuba Akpom,Ipswich Town,FWD,available,,,,,78,0,1.14,0.00,5.0
316,Emersonn Correia da Silva,Ipswich Town,FWD,available,100.0,100.0,,2026-08-31T09:30:08.306145Z,317,5,1.61,0.12,5.5
317,George Hirst,Ipswich Town,FWD,unavailable,0.0,0.0,Has joined Stoke City permanently,2026-08-21T13:06:08.606019Z,0,0,0.00,0.00,5.0
321,Sindre Walle Egeli,Ipswich Town,FWD,available,,,,,10,0,0.00,0.00,4.5
640,Zian Flemming,Ipswich Town,FWD,available,,,,,60,0,0.64,0.01,5.5
301,Alex Palmer,Ipswich Town,GK,available,,,,,0,0,0.00,0.00,4.0
300,Christian Walton,Ipswich Town,GK,available,,,,,90,1,0.00,0.01,4.4
302,David Button,Ipswich Town,GK,available,,,,,0,0,0.00,0.00,4.0
554,Kayne van Oevelen,Ipswich Town,GK,unavailable,0.0,0.0,Has joined Valencia on loan for the rest of the season,2026-08-25T14:04:09.529320Z,0,0,0.00,0.00,4.5
564,Kjell Scherpen,Ipswich Town,GK,available,,,,,360,4,0.00,0.01,4.5
315,Abdul Fatawu,Ipswich Town,MID,suspended,,0.0,Suspended until 17 Oct,2026-09-19T15:30:10.126897Z,352,5,0.17,1.11,5.4
324,Anis Mehmeti,Ipswich Town,MID,available,,,,,0,0,0.00,0.00,4.8
310,Azor Matusiwa,Ipswich Town,MID,available,100.0,100.0,,2026-07-29T18:00:10.305484Z,0,0,0.00,0.00,4.9
602,Cameron Humphreys,Ipswich Town,MID,unavailable,0.0,0.0,Has joined Huddersfield Town on loan for the rest of the season,2026-09-02T16:04:17.524642Z,0,0,0.00,0.00,4.5
314,Chiedozie Ogbene,Ipswich Town,MID,unavailable,0.0,0.0,Has joined Lincoln City on loan until January,2026-09-02T16:04:17.497385Z,0,0,0.00,0.00,4.9
562,Daizen Maeda,Ipswich Town,MID,available,,,,,259,3,0.71,0.02,5.3
619,Exequiel Palacios,Ipswich Town,MID,available,,,,,275,3,0.00,0.09,5.0
571,Florentino Ibrain Morris Luís,Ipswich Town,MID,available,100.0,100.0,,2026-08-25T11:30:07.678802Z,30,0,0.00,0.01,4.8
313,Jack Clarke,Ipswich Town,MID,available,,,,,170,2,0.30,0.37,5.4
312,Jack Taylor,Ipswich Town,MID,available,0.0,100.0,,2026-07-29T18:00:10.319370Z,0,0,0.00,0.00,4.4
318,Jaden Philogene,Ipswich Town,MID,available,100.0,100.0,,2026-08-25T11:30:07.532993Z,52,0,0.08,0.01,5.4
591,Julio Enciso,Ipswich Town,MID,available,100.0,100.0,,2026-08-22T18:00:07.551930Z,413,5,1.26,0.89,5.5
323,Kasey McAteer,Ipswich Town,MID,available,,,,,42,0,0.05,0.00,4.4
309,Marcelino Núñez,Ipswich Town,MID,available,,,,,140,2,0.03,0.05,4.9
319,Sam Szmodics,Ipswich Town,MID,unavailable,0.0,0.0,Has joined Derby County on loan for the rest of the season,2026-08-17T13:51:41.713979Z,0,0,0.00,0.00,5.0
267,Saša Lukić,Ipswich Town,MID,available,,,,,400,5,0.02,0.41,4.9
311,Wes Burns,Ipswich Town,MID,unavailable,0.0,0.0,Has joined Leicester City permanently,2026-08-10T14:02:47.597478Z,0,0,0.00,0.00,5.0
331,Gabriel Gudmundsson,Leeds,DEF,available,100.0,100.0,,2026-08-08T20:00:07.546568Z,252,3,0.00,0.21,4.5
327,Jaka Bijol,Leeds,DEF,available,,,,,164,2,0.11,0.00,5.0
332,James Justin,Leeds,DEF,available,,,,,450,5,0.22,0.42,4.5
330,Jayden Bogle,Leeds,DEF,available,,,,,365,5,1.38,0.08,4.6
603,Jayden Lienou,Leeds,DEF,available,,,,,0,0,0.00,0.00,4.0
329,Joe Rodon,Leeds,DEF,injured,0.0,0.0,Hamstring injury - Expected back 21 Nov,2026-08-30T16:00:08.564382Z,123,2,0.03,0.06,4.3
641,Melvin Bard,Leeds,DEF,available,,,,,18,0,0.00,0.00,4.5
598,Nico Elvedi,Leeds,DEF,available,,,,,326,3,0.12,0.58,4.5
333,Sebastiaan Bornauw,Leeds,DEF,unavailable,0.0,0.0,Has joined Hamburg SV on loan for the rest of the season,2026-08-19T13:56:14.645970Z,0,0,0.00,0.00,4.5
334,Tarik Muharemović,Leeds,DEF,available,,,,,450,5,0.49,0.05,5.0
346,Dominic Calvert-Lewin,Leeds,FWD,available,,,,,419,5,3.00,0.08,6.0
348,Joël Piroe,Leeds,FWD,unavailable,0.0,0.0,Has joined West Ham United on loan for the rest of the season,2026-08-19T13:56:14.666726Z,0,0,0.00,0.00,5.0
347,Lukas Nmecha,Leeds,FWD,available,,,,,64,0,0.27,0.15,5.4
349,Mateo Joseph Fernández-Regatillo,Leeds,FWD,injured,0.0,0.0,Knee injury - Unknown return date,2026-07-29T18:00:10.338170Z,0,0,0.00,0.00,4.5
625,Alex Cairns,Leeds,GK,available,,,,,0,0,0.00,0.00,4.0
385,James Trafford,Leeds,GK,available,,,,,450,5,0.00,0.00,5.0
326,Lucas Estella Perri,Leeds,GK,unavailable,0.0,0.0,Has joined Torino on loan for the rest of the season,2026-09-01T13:12:39.210133Z,0,0,0.00,0.00,4.5
629,Michael Zetterer,Leeds,GK,available,,,,,0,0,0.00,0.00,4.0
604,Alfie Cresswell,Leeds,MID,available,,,,,0,0,0.00,0.00,4.5
335,Anton Stach,Leeds,MID,available,,,,,447,5,0.97,0.31,6.0
337,Brenden Aaronson,Leeds,MID,available,,,,,194,2,0.01,0.02,5.3
343,Daniel James,Leeds,MID,injured,,0.0,Back injury - Expected back 18 Oct,2026-10-08T14:00:11.803126Z,52,0,0.35,0.01,4.9
338,Ethan Ampadu,Leeds,MID,available,,,,,450,5,0.08,0.26,5.4
260,Harry Wilson,Leeds,MID,doubtful,0.0,75.0,Thigh injury - 75% chance of playing,2026-09-18T13:30:09.626858Z,145,1,0.01,0.09,6.2
344,Ilia Gruev,Leeds,MID,available,100.0,100.0,,2026-08-14T23:00:06.272027Z,0,0,0.00,0.00,5.0
342,Jack Harrison,Leeds,MID,unavailable,0.0,0.0,Has joined New England Revolution permanently,2026-07-28T12:59:09.492431Z,0,0,0.00,0.00,5.0
648,Jean-Mattéo Bahoya,Leeds,MID,doubtful,,75.0,Ankle injury - 75% chance of playing,2026-10-08T14:00:12.276121Z,1,0,0.00,0.00,5.0
336,Noah Okafor,Leeds,MID,available,,,,,299,4,0.17,0.27,5.8
339,Sean Longstaff,Leeds,MID,available,,,,,10,0,0.00,0.00,4.8
345,Tanaka Ao,Leeds,MID,available,,,,,255,3,0.73,0.05,4.9
341,Wilfried Gnonto,Leeds,MID,unavailable,0.0,0.0,Has joined ACF Fiorentina on loan for the rest of the season,2026-09-02T16:04:47.189648Z,0,0,0.00,0.00,5.0
365,Calvin Ramsay,Liverpool,DEF,unavailable,0.0,0.0,Has joined St Mirren on loan for the rest of the season,2026-08-26T14:05:26.748768Z,0,0,0.00,0.00,4.0
360,Conor Bradley,Liverpool,DEF,injured,0.0,0.0,Knee injury - Unknown return date,2026-07-23T12:01:23.565711Z,0,0,0.00,0.00,5.0
363,Giovanni Leoni,Liverpool,DEF,injured,0.0,0.0,Knee injury - Unknown return date,2026-07-23T12:01:23.596909Z,0,0,0.00,0.00,4.0
357,Jeremie Frimpong,Liverpool,DEF,available,,,,,178,2,0.01,0.23,5.3
362,Jeremy Jacquet,Liverpool,DEF,available,100.0,100.0,,2026-10-06T00:30:10.323830Z,415,5,0.00,0.14,5.0
359,Joe Gomez,Liverpool,DEF,available,100.0,100.0,,2026-07-26T08:30:10.078473Z,0,0,0.00,0.00,4.9
364,Kostas Tsimikas,Liverpool,DEF,available,,,,,64,1,0.04,0.02,4.9
358,Milos Kerkez,Liverpool,DEF,available,,,,,385,4,0.07,0.08,5.3
579,Ronald Araujo,Liverpool,DEF,available,,,,,284,3,0.00,0.06,5.4
356,Virgil van Dijk,Liverpool,DEF,available,,,,,450,5,0.25,0.08,6.5
361,Wellity Lucky,Liverpool,DEF,available,,,,,0,0,0.00,0.00,4.0
379,Alexander Isak,Liverpool,FWD,injured,,0.0,Thigh injury - Unknown return date,2026-09-27T10:30:09.051435Z,413,5,3.54,0.08,9.1
380,Hugo Ekitiké,Liverpool,FWD,injured,0.0,0.0,Achilles injury - Unknown return date,2026-07-23T12:01:23.643771Z,0,0,0.00,0.00,7.4
382,Jayden Danns,Liverpool,FWD,available,100.0,100.0,,2026-07-23T12:01:23.659279Z,0,0,0.00,0.00,4.5
350,Alisson Becker,Liverpool,GK,available,,,,,450,5,0.00,0.00,5.5
353,Armin Pecsi,Liverpool,GK,unavailable,0.0,0.0,Has joined TSV Hartberg on loan for the rest of the season,2026-08-18T14:11:18.638344Z,0,0,0.00,0.00,4.0
352,Freddie Woodman,Liverpool,GK,available,,,,,0,0,0.00,0.00,4.0
351,Giorgi Mamardashvili,Liverpool,GK,available,,,,,0,0,0.00,0.00,4.8
355,Harvey Davies,Liverpool,GK,available,,,,,0,0,0.00,0.00,4.0
354,Vitezslav Jaros,Liverpool,GK,injured,0.0,0.0,Knee injury - Unknown return date,2026-07-29T18:00:10.351066Z,0,0,0.00,0.00,4.0
372,Alexis Mac Allister,Liverpool,MID,available,,,,,306,3,0.10,0.49,5.4
627,Bradley Barcola,Liverpool,MID,available,,,,,168,2,0.26,0.13,8.0
367,Cody Gakpo,Liverpool,MID,injured,100.0,0.0,Ankle injury - Unknown return date,2026-09-27T21:30:07.786183Z,370,4,0.64,1.71,7.2
373,Curtis Jones,Liverpool,MID,unavailable,0.0,0.0,Has joined Internazionale permanently,2026-08-16T18:30:07.426408Z,0,0,0.00,0.00,5.5
368,Dominik Szoboszlai,Liverpool,MID,available,,,,,440,5,1.42,0.82,6.9
374,Endo Wataru,Liverpool,MID,available,100.0,100.0,,2026-07-23T12:01:23.612529Z,0,0,0.00,0.00,4.9
370,Federico Chiesa,Liverpool,MID,doubtful,0.0,25.0,Back injury - 25% chance of playing,2026-08-27T13:30:07.598926Z,0,0,0.00,0.00,5.3
366,Florian Wirtz,Liverpool,MID,available,,,,,402,5,1.00,0.40,7.3
383,Harvey Elliott,Liverpool,MID,unavailable,0.0,0.0,Has joined Valencia on loan for the rest of the season,2026-09-02T16:05:49.104326Z,0,0,0.00,0.00,5.4
378,James McConnell,Liverpool,MID,available,,,,,0,0,0.00,0.00,4.4
381,Lewis Koumas,Liverpool,MID,available,,,,,22,0,0.28,0.00,5.0
369,Rio Ngumoha,Liverpool,MID,available,,,,,99,1,0.15,0.05,5.7
371,Ryan Gravenberch,Liverpool,MID,available,,,,,190,2,0.10,0.08,5.8
376,Stefan Bajčetić Maquieira,Liverpool,MID,unavailable,0.0,0.0,Has joined Celta Vigo permanently,2026-07-23T12:01:23.628373Z,0,0,0.00,0.00,5.0
375,Trey Nyoni,Liverpool,MID,available,,,,,38,0,0.00,0.00,4.9
377,Victor Munoz,Liverpool,MID,available,,,,,257,3,0.52,0.31,6.5
393,Abdukodir Khusanov,Man City,DEF,available,,,,,268,3,0.00,0.06,5.4
391,Joško Gvardiol,Man City,DEF,available,,,,,434,5,0.22,0.74,5.7
622,Kaden Braithwaite,Man City,DEF,available,,,,,1,0,0.00,0.00,4.0
388,Marc Guéhi,Man City,DEF,available,,,,,450,5,0.95,0.39,6.0
389,Matheus Nunes,Man City,DEF,available,100.0,100.0,,2026-08-27T11:30:08.171622Z,213,2,0.00,0.06,5.9
394,Max Alleyne,Man City,DEF,unavailable,0.0,0.0,Has joined Burnley on loan for the rest of the season,2026-08-18T14:11:56.324656Z,0,0,0.00,0.00,5.0
387,Nico O'Reilly,Man City,DEF,doubtful,100.0,75.0,Unspecified injury - 75% chance of playing,2026-10-01T15:30:10.272693Z,163,2,0.87,0.43,6.3
392,Rayan Aït-Nouri,Man City,DEF,available,,,,,0,0,0.00,0.00,5.2
395,Rico Lewis,Man City,DEF,available,,,,,56,1,0.17,0.02,4.4
390,Rúben dos Santos Gato Alves Dias,Man City,DEF,available,,,,,450,5,0.29,0.74,5.5
396,Vitor de Oliveira Nunes dos Reis,Man City,DEF,available,,,,,1,0,0.00,0.00,4.5
411,Erling Haaland,Man City,FWD,available,,,,,450,5,4.42,0.53,15.6
587,Gerónimo Rulli,Man City,GK,available,,,,,0,0,0.00,0.00,5.0
384,Gianluigi Donnarumma,Man City,GK,available,,,,,450,5,0.00,0.00,5.5
386,Marcus Bettinelli,Man City,GK,available,,,,,0,0,0.00,0.00,4.5
628,Allan Andrade Elias,Man City,MID,available,,,,,0,0,0.00,0.00,6.0
397,Antoine Semenyo,Man City,MID,doubtful,,75.0,Ankle injury - 75% chance of playing,2026-09-24T12:00:09.848000Z,450,5,0.33,1.16,8.4
616,Ayyoub Bouaddi,Man City,MID,available,,,,,22,0,0.00,0.12,5.5
407,Claudio Echeverri,Man City,MID,unavailable,0.0,0.0,Has joined Benfica on loan for the rest of the season,2026-09-03T15:41:24.710479Z,0,0,0.00,0.00,4.9
409,Divine Mukasa,Man City,MID,unavailable,0.0,0.0,has joined West Ham on loan for the rest of the seaon.,2026-09-03T10:34:10.733520Z,0,0,0.00,0.00,4.5
481,Elliot Anderson,Man City,MID,available,100.0,100.0,,2026-08-23T17:00:07.952697Z,413,5,0.11,0.67,6.3
155,Enzo Fernández,Man City,MID,available,,,,,271,3,0.35,0.53,6.9
653,Floyd Samba,Man City,MID,available,,,,,0,0,0.00,0.00,4.5
237,Iliman Ndiaye,Man City,MID,available,,,,,385,4,0.38,0.58,5.8
410,Jeremy Monga,Man City,MID,unavailable,0.0,0.0,Has joined Swansea City on loan for the rest of the season,2026-09-02T16:02:01.136760Z,0,0,0.00,0.00,4.9
400,Jérémy Doku,Man City,MID,available,75.0,100.0,,2026-08-18T17:00:08.385597Z,15,0,0.23,0.32,7.4
408,Kalvin Phillips,Man City,MID,unavailable,0.0,0.0,Has joined Sheffield United on loan for the rest of the season,2026-08-18T14:11:56.348781Z,0,0,0.00,0.00,5.0
406,Mateo Kovačić,Man City,MID,available,,,,,42,0,0.00,0.02,5.3
398,Phil Foden,Man City,MID,suspended,0.0,0.0,Suspended until 17 Oct,2026-09-13T17:00:09.433455Z,217,3,1.61,0.88,6.9
399,Rayan Cherki,Man City,MID,available,,,,,302,4,0.72,1.54,7.8
402,Rodrigo 'Rodri' Hernandez Cascante,Man City,MID,unavailable,0.0,0.0,Has joined Barcelona permanently,2026-07-23T12:01:23.675537Z,0,0,0.00,0.00,6.5
621,Ryan McAidoo,Man City,MID,available,,,,,11,0,0.10,0.00,4.4
404,Tijjani Reijnders,Man City,MID,unavailable,0.0,0.0,Has joined Al Qadsiah permanently,2026-08-20T14:02:58.154273Z,0,0,0.00,0.00,6.0
421,Ayden Heaven,Man Utd,DEF,available,,,,,90,1,0.12,0.04,4.3
417,Diogo Dalot Teixeira,Man Utd,DEF,available,,,,,346,4,0.24,0.23,4.9
424,Harry Amass,Man Utd,DEF,available,,,,,0,0,0.00,0.00,4.0
418,Harry Maguire,Man Utd,DEF,available,,,,,450,5,0.20,0.46,4.8
420,Leny Yoro,Man Utd,DEF,available,,,,,22,0,0.00,0.02,4.8
419,Lisandro Martínez,Man Utd,DEF,available,100.0,100.0,,2026-07-24T20:00:10.337107Z,360,4,0.21,0.16,4.9
423,Luke Shaw,Man Utd,DEF,available,50.0,100.0,,2026-09-11T13:00:09.030120Z,335,4,0.03,0.58,4.3
416,Matthijs de Ligt,Man Utd,DEF,injured,0.0,0.0,Back injury - Unknown return date,2026-07-23T12:01:23.690880Z,0,0,0.00,0.00,4.9
422,Noussair Mazraoui,Man Utd,DEF,doubtful,,75.0,Back injury - 75% chance of playing,2026-10-04T21:30:08.533022Z,97,1,0.22,0.06,4.4
425,Tyler Fredricson,Man Utd,DEF,unavailable,0.0,0.0,Has joined Lausanne-Sport permanently,2026-08-18T14:12:31.904433Z,0,0,0.00,0.00,4.0
439,Benjamin Sesko,Man Utd,FWD,injured,100.0,0.0,Shin injury - Expected back 18 Oct,2026-09-20T19:30:08.505755Z,76,0,0.39,0.01,7.0
441,Chido Obi,Man Utd,FWD,unavailable,0.0,0.0,Has joined Willem II on loan for the rest of the season,2026-09-14T16:12:42.090874Z,0,0,0.00,0.00,4.5
440,Joshua Zirkzee,Man Utd,FWD,available,,,,,20,0,0.00,0.01,5.3
413,Altay Bayındır,Man Utd,GK,unavailable,0.0,0.0,Has joined Celta Vigo on loan for the rest of the season,2026-08-10T14:02:28.608415Z,0,0,0.00,0.00,4.5
325,Karl Darlow,Man Utd,GK,doubtful,100.0,75.0,Unspecified injury - 75% chance of playing,2026-09-21T13:30:08.885505Z,0,0,0.00,0.00,4.5
412,Senne Lammens,Man Utd,GK,available,,,,,450,5,0.00,0.00,4.9
414,Tom Heaton,Man Utd,GK,injured,0.0,0.0,Hamstring injury - Unknown return date,2026-08-15T16:00:07.854151Z,0,0,0.00,0.00,4.0
431,Amad Diallo,Man Utd,MID,injured,0.0,0.0,Unspecified injury - Unknown return date,2026-08-22T11:00:08.617283Z,0,0,0.00,0.00,5.7
162,Andrey Nascimento dos Santos,Man Utd,MID,available,,,,,82,1,0.00,0.24,4.8
437,Bendito Mantato,Man Utd,MID,available,,,,,0,0,0.00,0.00,4.4
426,Bruno Borges Fernandes,Man Utd,MID,available,,,,,450,5,2.56,1.32,11.9
427,Bryan Mbeumo,Man Utd,MID,available,,,,,450,5,3.07,0.80,7.9
131,Carlos Baleba,Man Utd,MID,available,50.0,100.0,,2026-08-06T16:00:10.997714Z,0,0,0.00,0.00,4.9
434,Jack Fletcher,Man Utd,MID,available,,,,,0,0,0.00,0.00,4.9
432,Kobbie Mainoo,Man Utd,MID,doubtful,,75.0,Unspecified injury - 75% chance of playing,2026-09-21T13:00:09.169862Z,354,4,0.30,0.52,5.5
433,Manuel Ugarte Ribeiro,Man Utd,MID,injured,0.0,0.0,Knee injury - Unknown return date,2026-07-23T12:01:23.706702Z,0,0,0.00,0.00,5.0
429,Marcus Rashford,Man Utd,MID,doubtful,,75.0,Unspecified injury - 75% chance of playing,2026-09-21T10:30:09.221479Z,351,4,0.78,0.43,6.9
430,Mason Mount,Man Utd,MID,available,100.0,100.0,,2026-08-15T16:00:07.879135Z,10,0,0.09,0.01,5.4
428,Matheus Santos Carneiro da Cunha,Man Utd,MID,available,,,,,407,5,0.63,0.83,7.9
415,Patrick Dorgu,Man Utd,MID,injured,,0.0,Hamstring injury - Expected back 25 Oct,2026-09-27T21:30:07.831640Z,171,2,0.78,0.09,5.8
435,Shea Lacey,Man Utd,MID,available,,,,,10,0,0.00,0.00,4.9
436,Toby Collyer,Man Utd,MID,unavailable,0.0,0.0,Has joined West Brom permanently,2026-09-01T13:16:48.584385Z,0,0,0.00,0.00,5.0
438,Tyler Fletcher,Man Utd,MID,available,,,,,0,0,0.00,0.00,4.4
43,Youri Tielemans,Man Utd,MID,available,100.0,100.0,,2026-07-23T12:01:23.321726Z,402,5,0.65,0.52,5.8
451,Alex Murphy,Newcastle,DEF,unavailable,0.0,0.0,Has joined FC Kaiserslautern on loan for the rest of the season,2026-08-12T14:05:29.224600Z,0,0,0.00,0.00,4.0
593,Amar Dedic,Newcastle,DEF,doubtful,0.0,50.0,Unspecified injury - 50% chance of playing,2026-09-17T14:30:09.823731Z,327,4,0.14,0.08,4.5
448,Dan Burn,Newcastle,DEF,injured,0.0,0.0,Ankle injury - Expected back 12 Oct,2026-08-23T18:00:08.367241Z,0,0,0.00,0.00,4.8
446,Fabian Schär,Newcastle,DEF,available,100.0,100.0,,2026-08-15T16:30:07.209742Z,25,0,0.00,0.01,4.9
609,Leo Shahar,Newcastle,DEF,unavailable,0.0,0.0,has joined Arouca on loan for the rest of the seaon.,2026-09-11T14:41:57.406766Z,0,0,0.00,0.00,4.0
449,Lewis Hall,Newcastle,DEF,available,,,,,449,5,0.25,0.79,5.3
445,Malick Thiaw,Newcastle,DEF,available,,,,,450,5,0.00,0.08,5.0
663,Miodrag Pivas,Newcastle,DEF,available,,,,,0,0,0.00,0.00,4.0
447,Sven Botman,Newcastle,DEF,available,,,,,450,5,0.06,0.17,5.0
450,Tino Livramento,Newcastle,DEF,doubtful,100.0,50.0,Unspecified injury - 50% chance of playing,2026-09-19T14:00:09.046677Z,33,0,0.00,0.01,4.9
634,Matias Fernandez-Pardo,Newcastle,FWD,available,,,,,157,2,0.05,0.01,6.0
463,Nick Woltemade,Newcastle,FWD,unavailable,0.0,0.0,Has joined Juventus on loan for the rest of the season,2026-09-02T16:07:16.549304Z,19,0,0.02,0.01,5.9
466,Sean Neave,Newcastle,FWD,unavailable,0.0,0.0,Has joined Wolves on loan for the rest of the season,2026-09-04T12:37:43.515176Z,0,0,0.00,0.00,4.5
664,Vakhtang Salia,Newcastle,FWD,available,,,,,0,0,0.00,0.00,4.5
465,William Osula,Newcastle,FWD,doubtful,0.0,50.0,Foot injury - 50% chance of playing,2026-08-25T19:00:08.004915Z,55,1,0.06,0.14,5.8
464,Yoane Wissa,Newcastle,FWD,available,,,,,441,5,2.35,0.06,6.2
444,Ewen Jaouen,Newcastle,GK,injured,50.0,0.0,Hamstring injury - Unknown return date,2026-09-10T16:00:09.127466Z,0,0,0.00,0.00,4.4
567,Lukás Hornícek,Newcastle,GK,available,,,,,450,5,0.00,0.00,5.0
443,Mark Gillespie,Newcastle,GK,available,,,,,0,0,0.00,0.00,4.5
442,Nick Pope,Newcastle,GK,available,,,,,0,0,0.00,0.00,4.9
559,Aladji Bamba,Newcastle,MID,available,,,,,27,0,0.00,0.00,4.9
454,Anthony Elanga,Newcastle,MID,injured,0.0,0.0,Unspecified injury - Unknown return date,2026-09-14T20:00:09.505598Z,232,3,0.42,0.34,6.1
461,Bazoumana Touré,Newcastle,MID,available,,,,,50,0,0.28,0.01,5.8
453,Harvey Barnes,Newcastle,MID,available,,,,,450,5,0.62,0.48,6.1
457,Jacob Murphy,Newcastle,MID,available,,,,,181,2,0.03,0.41,5.9
456,Jacob Ramsey,Newcastle,MID,injured,0.0,0.0,Thigh injury - Unknown return date,2026-09-15T09:00:08.191022Z,69,0,0.17,0.16,4.8
460,Joe Willock,Newcastle,MID,available,,,,,284,3,0.81,0.30,5.0
458,Joelinton Cássio Apolinário de Lira,Newcastle,MID,doubtful,0.0,75.0,Unspecified injury - 75% chance of playing,2026-08-16T08:00:08.074045Z,0,0,0.00,0.00,5.4
666,Kyran Thompson,Newcastle,MID,available,,,,,0,0,0.00,0.00,4.5
459,Lewis Miley,Newcastle,MID,doubtful,100.0,75.0,Unspecified injury - 75% chance of playing,2026-10-01T15:30:10.335504Z,396,5,0.05,0.14,5.5
659,Mason Miley,Newcastle,MID,available,,,,,0,0,0.00,0.00,4.5
665,Michael Mills,Newcastle,MID,available,,,,,0,0,0.00,0.00,4.5
405,Nico González Iglesias,Newcastle,MID,available,0.0,100.0,,2026-09-14T21:30:07.343728Z,164,3,0.00,0.21,5.5
462,Sean Steur,Newcastle,MID,available,,,,,223,2,0.00,0.06,4.9
201,Daniel Muñoz Mejía,Nott'm Forest,DEF,available,,,,,257,3,0.60,0.21,5.4
470,Felipe Rodrigues da Silva,Nott'm Forest,DEF,unavailable,0.0,0.0,Has joined West Ham on loan for the rest of the season,2026-09-02T16:19:54.503286Z,0,0,0.00,0.00,5.0
474,Jair Paula da Cunha Filho,Nott'm Forest,DEF,available,75.0,100.0,,2026-09-12T14:00:09.724349Z,360,4,0.05,0.02,4.5
478,Luca Netz,Nott'm Forest,DEF,available,,,,,27,0,0.00,0.02,4.4
472,Murillo Costa dos Santos,Nott'm Forest,DEF,available,100.0,100.0,,2026-07-23T12:01:23.801183Z,449,5,0.42,0.37,5.5
469,Neco Williams,Nott'm Forest,DEF,doubtful,,50.0,Illness - 50% chance of playing,2026-10-09T14:30:11.466887Z,450,5,0.41,0.61,5.0
475,Nicolò Savona,Nott'm Forest,DEF,injured,0.0,0.0,Knee injury - Unknown return date,2026-07-23T12:01:23.816304Z,0,0,0.00,0.00,4.5
471,Nikola Milenković,Nott'm Forest,DEF,injured,0.0,0.0,Knee injury - Unknown return date,2026-09-12T14:00:09.705107Z,270,3,0.11,0.03,5.4
473,Ola Aina,Nott'm Forest,DEF,available,,,,,306,4,0.04,0.53,4.4
476,Omar Richards,Nott'm Forest,DEF,available,,,,,0,0,0.00,0.00,4.0
581,Ousmane Diomande,Nott'm Forest,DEF,available,,,,,163,2,0.16,0.01,5.4
479,Tyler Bindon,Nott'm Forest,DEF,unavailable,0.0,0.0,Has joined Charlton Athletic on loan for the rest of the season,2026-09-01T13:16:05.383880Z,0,0,0.00,0.00,4.0
477,Zach Abbott,Nott'm Forest,DEF,unavailable,0.0,0.0,Has joined Southampton on loan for the rest of the season,2026-09-02T16:19:54.536676Z,0,0,0.00,0.00,4.0
493,Arnaud Kalimuendo,Nott'm Forest,FWD,available,,,,,1,0,0.00,0.00,5.4
490,Chris Wood,Nott'm Forest,FWD,available,,,,,62,0,0.12,0.01,5.8
491,Igor Jesus Maciel da Cruz,Nott'm Forest,FWD,injured,,0.0,Calf injury - Unknown return date,2026-10-09T14:30:11.491800Z,257,2,1.25,0.08,5.8
167,Liam Delap,Nott'm Forest,FWD,available,,,,,277,3,0.89,0.35,5.6
468,John Victor Maciel Furtado,Nott'm Forest,GK,available,,,,,0,0,0.00,0.00,4.5
467,Matz Sels,Nott'm Forest,GK,available,,,,,450,5,0.00,0.01,5.0
590,Steven Benda,Nott'm Forest,GK,available,,,,,0,0,0.00,0.00,4.5
482,Callum Hudson-Odoi,Nott'm Forest,MID,available,100.0,100.0,,2026-07-23T12:01:23.832709Z,1,0,0.00,0.00,5.8
483,Dan Ndoye,Nott'm Forest,MID,available,,,,,316,5,1.25,0.93,5.5
485,Dilane Bakwa,Nott'm Forest,MID,unavailable,0.0,0.0,Has joined Lille on loan for the rest of the season,2026-08-27T14:53:03.381941Z,0,0,0.00,0.00,5.5
488,Ibrahim Sangaré,Nott'm Forest,MID,available,100.0,100.0,,2026-08-28T09:30:07.471668Z,105,1,0.09,0.02,4.8
486,James McAtee,Nott'm Forest,MID,available,,,,,416,5,0.37,0.96,5.5
480,Morgan Gibbs-White,Nott'm Forest,MID,available,100.0,100.0,,2026-08-24T15:30:08.350159Z,450,5,1.56,1.42,8.0
487,Nicolás Domínguez,Nott'm Forest,MID,available,,,,,1,0,0.00,0.00,4.9
484,Omari Hutchinson,Nott'm Forest,MID,unavailable,0.0,0.0,Has joined AC Milan on loan for the rest of the season,2026-09-01T13:23:52.340206Z,0,0,0.00,0.00,5.4
489,Ryan Yates,Nott'm Forest,MID,available,100.0,100.0,,2026-08-17T20:30:08.195072Z,0,0,0.00,0.00,4.4
558,Xaver Schlager,Nott'm Forest,MID,available,,,,,376,4,0.19,0.18,5.0
502,Andrew Robertson,Spurs,DEF,available,,,,,366,4,0.13,0.43,4.4
507,Ashley Phillips,Spurs,DEF,unavailable,0.0,0.0,Has joined Middlesbrough permanently,2026-08-18T14:13:08.474144Z,0,0,0.00,0.00,4.5
508,Ben Davies,Spurs,DEF,available,,,,,0,0,0.00,0.00,3.9
500,Cristian Romero,Spurs,DEF,unavailable,0.0,0.0,Has joined Atletico Madrid permanently,2026-08-17T13:49:05.465401Z,0,0,0.00,0.00,5.0
506,Destiny Udogie,Spurs,DEF,available,100.0,100.0,,2026-09-11T18:00:09.092110Z,86,1,0.00,0.23,4.4
505,Djed Spence,Spurs,DEF,unavailable,0.0,0.0,Has joined Internazionale permanently,2026-08-18T14:13:08.454214Z,0,0,0.00,0.00,4.5
510,James Rowswell,Spurs,DEF,available,,,,,0,0,0.00,0.00,4.0
112,Jan Paul van Hecke,Spurs,DEF,available,,100.0,,2026-09-30T16:00:09.552205Z,450,5,0.69,0.42,4.9
511,João Victor de Souza Menezes,Spurs,DEF,unavailable,0.0,0.0,Has joined FC Porto on loan for the rest of the season,2026-09-01T13:24:26.858636Z,0,0,0.00,0.00,4.0
509,Jun'ai Byfield,Spurs,DEF,available,,,,,0,0,0.00,0.00,4.0
498,Marcos Senesi Barón,Spurs,DEF,available,,,,,90,1,0.00,0.02,5.8
503,Micky van de Ven,Spurs,DEF,available,100.0,100.0,,2026-08-21T15:00:07.610517Z,360,4,0.59,0.05,5.0
499,Pedro Porro Sauceda,Spurs,DEF,injured,100.0,0.0,Hamstring injury - Unknown return date,2026-09-19T12:00:08.823872Z,198,3,0.37,0.16,5.4
147,Tosin Adarabioyo,Spurs,DEF,available,,,,,5,0,0.00,0.00,4.4
528,Dane Scarlett,Spurs,FWD,unavailable,0.0,0.0,Has joined Leyton Orient permanently,2026-09-02T16:02:43.413625Z,0,0,0.00,0.00,4.5
526,Dominic Solanke-Mitchell,Spurs,FWD,available,,,,,170,2,0.56,0.01,5.8
401,Omar Marmoush,Spurs,FWD,available,,,,,339,4,0.38,0.15,7.0
527,Richarlison de Andrade,Spurs,FWD,unavailable,0.0,0.0,not included in squad.,2026-09-04T12:32:39.183614Z,67,1,0.00,0.00,5.9
496,Antonín Kinský,Spurs,GK,available,,,,,450,5,0.00,0.00,4.5
495,Brandon Austin,Spurs,GK,available,,,,,0,0,0.00,0.00,4.0
494,Guglielmo Vicario,Spurs,GK,unavailable,0.0,0.0,Has joined Juventus on loan for the rest of the season,2026-08-19T13:55:33.193962Z,0,0,0.00,0.00,4.5
497,Martin Dubravka,Spurs,GK,available,,,,,0,0,0.00,0.00,4.0
522,Archie Gray,Spurs,MID,available,,,,,307,3,0.23,0.05,4.9
524,Callum Olusesi,Spurs,MID,available,,,,,0,0,0.00,0.00,4.4
519,Conor Gallagher,Spurs,MID,available,,,,,134,2,0.37,0.12,5.3
521,Dejan Kulusevski,Spurs,MID,injured,0.0,0.0,Knee injury - Unknown return date,2026-07-23T12:01:23.895175Z,0,0,0.00,0.00,6.5
515,James Maddison,Spurs,MID,available,100.0,100.0,,2026-08-25T14:30:07.623508Z,59,0,0.06,0.04,6.3
601,Luca Williams-Barnett,Spurs,MID,available,,,,,0,0,0.00,0.00,4.5
520,Lucas Bergvall,Spurs,MID,available,,,,,78,1,0.06,0.27,5.3
525,Mateus Fernandes,Spurs,MID,available,,,,,249,3,0.19,0.28,5.7
514,Mathys Tel,Spurs,MID,available,,,,,257,3,0.21,0.23,5.7
523,Mikey Moore,Spurs,MID,unavailable,0.0,0.0,Has joined FC Köln on loan for the rest of the season,2026-09-04T12:39:48.098158Z,89,1,0.40,0.02,5.0
512,Mohammed Kudus,Spurs,MID,available,100.0,100.0,,2026-07-23T12:01:23.848657Z,123,0,0.11,0.42,6.5
578,Mykhailo Mudryk,Spurs,MID,injured,0.0,0.0,Ankle injury - Unknown return date,2026-09-11T18:00:09.154412Z,16,0,0.00,0.00,5.3
518,Pape Matar Sarr,Spurs,MID,unavailable,0.0,0.0,Has joined Juventus on loan for the rest of the season,2026-09-02T16:02:43.386849Z,0,0,0.00,0.00,4.9
516,Rodrigo Bentancur,Spurs,MID,available,,,,,370,4,0.02,0.12,5.5
455,Sandro Tonali,Spurs,MID,available,100.0,100.0,,2026-09-14T14:30:07.387706Z,427,5,0.24,0.61,5.3
403,Sávio Moreira de Oliveira,Spurs,MID,available,100.0,100.0,,2026-08-29T16:30:08.380416Z,240,3,0.41,0.70,6.5
517,Wilson Odobert,Spurs,MID,injured,0.0,0.0,Knee injury - Unknown return date,2026-07-23T12:01:23.879434Z,0,0,0.00,0.00,5.5
513,Xavi Simons,Spurs,MID,injured,0.0,0.0,Knee injury - Unknown return date,2026-07-23T12:01:23.864304Z,0,0,0.00,0.00,5.9
540,Arthur Masuaku,Sunderland,DEF,unavailable,0.0,0.0,Has joined Konyaspor permanently,2026-08-12T14:08:03.097784Z,0,0,0.00,0.00,4.0
532,Daniel Ballard,Sunderland,DEF,injured,,0.0,Hamstring injury - Unknown return date,2026-09-25T21:30:10.370384Z,450,5,0.31,0.16,4.9
612,Dayann Méthalie,Sunderland,DEF,available,100.0,100.0,,2026-08-28T13:00:08.950445Z,90,1,0.03,0.01,4.5
537,Jenson Seelt,Sunderland,DEF,unavailable,0.0,0.0,Has joined Swansea City on loan for the rest of the season,2026-08-29T00:34:52.425076Z,0,0,0.00,0.00,4.5
501,Kevin Danso,Sunderland,DEF,available,,,,,270,3,0.07,0.17,5.0
538,Leo Fuhr Hjelde,Sunderland,DEF,unavailable,0.0,0.0,Has joined KV Mechelen on loan for the rest of the season,2026-08-12T14:08:03.081789Z,0,0,0.00,0.00,4.0
539,Luke O'Nien,Sunderland,DEF,available,,,,,66,1,0.01,0.01,3.9
533,Nordi Mukiele,Sunderland,DEF,available,100.0,100.0,,2026-08-09T08:30:05.954750Z,360,4,0.75,0.28,5.4
535,Omar Alderete,Sunderland,DEF,available,100.0,100.0,,2026-08-09T08:30:05.962393Z,23,0,0.00,0.01,4.8
536,Reinildo Mandava,Sunderland,DEF,available,0.0,100.0,,2026-09-12T21:30:09.421687Z,360,4,0.00,0.32,4.4
541,Thomas Meunier,Sunderland,DEF,available,100.0,100.0,,2026-08-16T08:30:07.830062Z,396,5,0.34,0.58,4.5
534,Trai Hume,Sunderland,DEF,available,,,,,206,2,0.14,0.29,4.3
552,Brian Brobbey,Sunderland,FWD,injured,,0.0,Hamstring injury - Expected back 25 Oct,2026-09-24T21:30:10.382142Z,399,5,2.94,0.11,5.7
651,Juan Angulo,Sunderland,FWD,available,,,,,0,0,0.00,0.00,4.5
553,Wilson Isidor,Sunderland,FWD,available,,,,,117,0,1.49,0.01,5.5
530,Anthony Patterson,Sunderland,GK,unavailable,0.0,0.0,Has joined Wrexham permanently,2026-08-12T14:08:03.064533Z,0,0,0.00,0.00,4.0
531,Melker Ellborg,Sunderland,GK,available,,,,,0,0,0.00,0.00,4.4
529,Robin Roefs,Sunderland,GK,available,,,,,450,5,0.00,0.01,4.9
549,Chemsdine Talbi,Sunderland,MID,available,,,,,31,0,0.00,0.00,5.3
548,Chris Rigg,Sunderland,MID,available,,,,,17,0,0.00,0.00,4.9
550,Djiamgone Jocelin Ta Bi,Sunderland,MID,available,,,,,0,0,0.00,0.00,5.0
542,Enzo Le Fée,Sunderland,MID,available,,,,,438,5,2.06,1.34,5.7
544,Granit Xhaka,Sunderland,MID,available,,,,,450,5,0.06,1.32,5.5
543,Habib Diarra,Sunderland,MID,injured,0.0,0.0,Hamstring injury - Expected back 18 Oct,2026-08-30T16:30:08.428960Z,28,0,0.03,0.16,5.3
613,Jules Ahoka,Sunderland,MID,available,,,,,0,0,0.00,0.00,4.5
646,Malick Fofana,Sunderland,MID,available,,,,,60,0,0.39,0.01,5.5
551,Nilson Angulo,Sunderland,MID,available,,,,,313,5,0.60,0.13,5.0
545,Noah Sadiki,Sunderland,MID,available,,,,,410,5,0.44,0.24,4.9
547,Romaine Mundle,Sunderland,MID,injured,0.0,0.0,Knee injury - Unknown return date,2026-09-09T14:00:08.462705Z,1,0,0.17,0.00,4.9
546,Simon Adingra,Sunderland,MID,unavailable,0.0,0.0,Has joined Ajax on loan for the rest of the season,2026-08-20T14:00:08.416985Z,0,0,0.00,0.00,4.9
